,epoch,val_psnr,val_ssim
0,1,27.0110558017833,0.9155174746800504
0,2,27.38012219510166,0.9194122163117344
0,3,27.463519822160066,0.9209490604485364
0,4,27.66431555950621,0.9223249317745348
0,7,27.659422199816365,0.9224572438713593
